[
  {
    "name": "Afghanistan",
    "iso2": "AF",
    "cities": ["Kabul", "Kandahar", "Herat", "Mazar-i-Sharif"]
  },
  {
    "name": "Albania",
    "iso2": "AL",
    "cities": ["Tirana", "Durrës", "Vlorë", "Shkodër"]
  },
  {
    "name": "Algeria",
    "iso2": "DZ",
    "cities": ["Algiers", "Oran", "Constantine", "Annaba"]
  },
  {
    "name": "Andorra",
    "iso2": "AD",
    "cities": ["Andorra la Vella", "Escaldes-Engordany", "Sant Julià de Lòria"]
  },
  {
    "name": "Angola",
    "iso2": "AO",
    "cities": ["Luanda", "Huambo", "Lubango", "Benguela"]
  },
  {
    "name": "Antigua and Barbuda",
    "iso2": "AG",
    "cities": ["Saint John's", "Codrington"]
  },
  {
    "name": "Argentina",
    "iso2": "AR",
    "cities": ["Buenos Aires", "Córdoba", "Rosario", "Mendoza"]
  },
  {
    "name": "Armenia",
    "iso2": "AM",
    "cities": ["Yerevan", "Gyumri", "Vanadzor", "Abovyan"]
  },
  {
    "name": "Australia",
    "iso2": "AU",
    "cities": ["Sydney", "Melbourne", "Brisbane", "Perth"]
  },
  {
    "name": "Austria",
    "iso2": "AT",
    "cities": ["Vienna", "Graz", "Linz", "Salzburg"]
  },
  {
    "name": "Azerbaijan",
    "iso2": "AZ",
    "cities": ["Baku", "Ganja", "Sumqayit", "Lankaran"]
  },
  {
    "name": "Bahamas",
    "iso2": "BS",
    "cities": ["Nassau", "Freeport"]
  },
  {
    "name": "Bahrain",
    "iso2": "BH",
    "cities": ["Manama", "Riffa", "Muharraq", "Hamad Town"]
  },
  {
    "name": "Bangladesh",
    "iso2": "BD",
    "cities": ["Dhaka", "Chittagong", "Khulna", "Rajshahi"]
  },
  {
    "name": "Barbados",
    "iso2": "BB",
    "cities": ["Bridgetown", "Speightstown"]
  },
  {
    "name": "Belarus",
    "iso2": "BY",
    "cities": ["Minsk", "Gomel", "Mogilev", "Vitebsk"]
  },
  {
    "name": "Belgium",
    "iso2": "BE",
    "cities": ["Brussels", "Antwerp", "Ghent", "Charleroi"]
  },
  {
    "name": "Belize",
    "iso2": "BZ",
    "cities": ["Belize City", "Belmopan", "San Ignacio", "Dangriga"]
  },
  {
    "name": "Benin",
    "iso2": "BJ",
    "cities": ["Cotonou", "Porto-Novo", "Parakou", "Abomey"]
  },
  {
    "name": "Bhutan",
    "iso2": "BT",
    "cities": ["Thimphu", "Phuntsholing", "Gelephu", "Punakha"]
  },
  {
    "name": "Bolivia",
    "iso2": "BO",
    "cities": ["La Paz", "Santa Cruz", "Cochabamba", "Sucre"]
  },
  {
    "name": "Bosnia and Herzegovina",
    "iso2": "BA",
    "cities": ["Sarajevo", "Banja Luka", "Tuzla", "Zenica"]
  },
  {
    "name": "Botswana",
    "iso2": "BW",
    "cities": ["Gaborone", "Francistown", "Molepolole", "Maun"]
  },
  {
    "name": "Brazil",
    "iso2": "BR",
    "cities": ["São Paulo", "Rio de Janeiro", "Brasília", "Salvador"]
  },
  {
    "name": "Brunei",
    "iso2": "BN",
    "cities": ["Bandar Seri Begawan", "Kuala Belait", "Tutong", "Seria"]
  },
  {
    "name": "Bulgaria",
    "iso2": "BG",
    "cities": ["Sofia", "Plovdiv", "Varna", "Burgas"]
  },
  {
    "name": "Burkina Faso",
    "iso2": "BF",
    "cities": ["Ouagadougou", "Bobo-Dioulasso", "Koudougou", "Banfora"]
  },
  {
    "name": "Burundi",
    "iso2": "BI",
    "cities": ["Bujumbura", "Gitega", "Ruyigi", "Ngozi"]
  },
  {
    "name": "Cambodia",
    "iso2": "KH",
    "cities": ["Phnom Penh", "Siem Reap", "Battambang", "Sihanoukville"]
  },
  {
    "name": "Cameroon",
    "iso2": "CM",
    "cities": ["Douala", "Yaoundé", "Garoua", "Bamenda"]
  },
  {
    "name": "Canada",
    "iso2": "CA",
    "cities": ["Toronto", "Montreal", "Vancouver", "Calgary"]
  },
  {
    "name": "Cape Verde",
    "iso2": "CV",
    "cities": ["Praia", "Mindelo", "Assomada", "Santa Maria"]
  },
  {
    "name": "Central African Republic",
    "iso2": "CF",
    "cities": ["Bangui", "Bimbo", "Bossangoa", "Bambari"]
  },
  {
    "name": "Chad",
    "iso2": "TD",
    "cities": ["N'Djamena", "Moundou", "Sarh", "Abéché"]
  },
  {
    "name": "Chile",
    "iso2": "CL",
    "cities": ["Santiago", "Valparaíso", "Concepción", "Antofagasta"]
  },
  {
    "name": "China",
    "iso2": "CN",
    "cities": ["Beijing", "Shanghai", "Guangzhou", "Shenzhen"]
  },
  {
    "name": "Colombia",
    "iso2": "CO",
    "cities": ["Bogotá", "Medellín", "Cali", "Barranquilla"]
  },
  {
    "name": "Comoros",
    "iso2": "KM",
    "cities": ["Moroni", "Mutsamudu", "Fomboni"]
  },
  {
    "name": "Congo",
    "iso2": "CG",
    "cities": ["Brazzaville", "Pointe-Noire", "Dolisie", "Owando"]
  },
  {
    "name": "Costa Rica",
    "iso2": "CR",
    "cities": ["San José", "Alajuela", "Cartago", "Heredia"]
  },
  {
    "name": "Croatia",
    "iso2": "HR",
    "cities": ["Zagreb", "Split", "Rijeka", "Osijek"]
  },
  {
    "name": "Cuba",
    "iso2": "CU",
    "cities": ["Havana", "Santiago de Cuba", "Camagüey", "Holguín"]
  },
  {
    "name": "Cyprus",
    "iso2": "CY",
    "cities": ["Nicosia", "Limassol", "Larnaca", "Paphos"]
  },
  {
    "name": "Czech Republic",
    "iso2": "CZ",
    "cities": ["Prague", "Brno", "Ostrava", "Plzeň"]
  },
  {
    "name": "Denmark",
    "iso2": "DK",
    "cities": ["Copenhagen", "Aarhus", "Odense", "Aalborg"]
  },
  {
    "name": "Djibouti",
    "iso2": "DJ",
    "cities": ["Djibouti City", "Ali Sabieh", "Dikhil", "Obock"]
  },
  {
    "name": "Dominica",
    "iso2": "DM",
    "cities": ["Roseau", "Portsmouth"]
  },
  {
    "name": "Dominican Republic",
    "iso2": "DO",
    "cities": ["Santo Domingo", "Santiago", "Santo Domingo Este", "Santo Domingo Oeste"]
  },
  {
    "name": "Ecuador",
    "iso2": "EC",
    "cities": ["Quito", "Guayaquil", "Cuenca", "Machala"]
  },
  {
    "name": "Egypt",
    "iso2": "EG",
    "cities": ["Cairo", "Alexandria", "Giza", "Shubra El Kheima"]
  },
  {
    "name": "El Salvador",
    "iso2": "SV",
    "cities": ["San Salvador", "Santa Ana", "San Miguel", "Soyapango"]
  },
  {
    "name": "Equatorial Guinea",
    "iso2": "GQ",
    "cities": ["Malabo", "Bata", "Ebebiyín", "Aconibe"]
  },
  {
    "name": "Eritrea",
    "iso2": "ER",
    "cities": ["Asmara", "Keren", "Massawa", "Assab"]
  },
  {
    "name": "Estonia",
    "iso2": "EE",
    "cities": ["Tallinn", "Tartu", "Narva", "Kohtla-Järve"]
  },
  {
    "name": "Eswatini",
    "iso2": "SZ",
    "cities": ["Mbabane", "Manzini", "Lobamba", "Nkhuhlu"]
  },
  {
    "name": "Ethiopia",
    "iso2": "ET",
    "cities": ["Addis Ababa", "Dire Dawa", "Mek'ele", "Gondar"]
  },
  {
    "name": "Fiji",
    "iso2": "FJ",
    "cities": ["Suva", "Nadi", "Lautoka", "Nasinu"]
  },
  {
    "name": "Finland",
    "iso2": "FI",
    "cities": ["Helsinki", "Espoo", "Tampere", "Vantaa"]
  },
  {
    "name": "France",
    "iso2": "FR",
    "cities": ["Paris", "Marseille", "Lyon", "Toulouse"]
  },
  {
    "name": "Gabon",
    "iso2": "GA",
    "cities": ["Libreville", "Port-Gentil", "Franceville", "Oyem"]
  },
  {
    "name": "Gambia",
    "iso2": "GM",
    "cities": ["Banjul", "Serekunda", "Brikama", "Bakau"]
  },
  {
    "name": "Georgia",
    "iso2": "GE",
    "cities": ["Tbilisi", "Kutaisi", "Batumi", "Rustavi"]
  },
  {
    "name": "Germany",
    "iso2": "DE",
    "cities": ["Berlin", "Hamburg", "Munich", "Cologne"]
  },
  {
    "name": "Ghana",
    "iso2": "GH",
    "cities": ["Accra", "Kumasi", "Tamale", "Sekondi-Takoradi"]
  },
  {
    "name": "Greece",
    "iso2": "GR",
    "cities": ["Athens", "Thessaloniki", "Patras", "Heraklion"]
  },
  {
    "name": "Grenada",
    "iso2": "GD",
    "cities": ["St. George's", "Grenville"]
  },
  {
    "name": "Guatemala",
    "iso2": "GT",
    "cities": ["Guatemala City", "Mixco", "Villa Nueva", "Petapa"]
  },
  {
    "name": "Guinea",
    "iso2": "GN",
    "cities": ["Conakry", "Nzérékoré", "Kindia", "Kankan"]
  },
  {
    "name": "Guinea-Bissau",
    "iso2": "GW",
    "cities": ["Bissau", "Bafatá", "Gabú", "Cacheu"]
  },
  {
    "name": "Guyana",
    "iso2": "GY",
    "cities": ["Georgetown", "Linden", "New Amsterdam", "Anna Regina"]
  },
  {
    "name": "Haiti",
    "iso2": "HT",
    "cities": ["Port-au-Prince", "Cap-Haïtien", "Delmas", "Pétion-Ville"]
  },
  {
    "name": "Honduras",
    "iso2": "HN",
    "cities": ["Tegucigalpa", "San Pedro Sula", "Choloma", "La Ceiba"]
  },
  {
    "name": "Hungary",
    "iso2": "HU",
    "cities": ["Budapest", "Debrecen", "Szeged", "Miskolc"]
  },
  {
    "name": "Iceland",
    "iso2": "IS",
    "cities": ["Reykjavik", "Kópavogur", "Hafnarfjörður", "Akureyri"]
  },
  {
    "name": "India",
    "iso2": "IN",
    "cities": ["Mumbai", "Delhi", "Bangalore", "Hyderabad"]
  },
  {
    "name": "Indonesia",
    "iso2": "ID",
    "cities": ["Jakarta", "Surabaya", "Bandung", "Medan"]
  },
  {
    "name": "Iran",
    "iso2": "IR",
    "cities": ["Tehran", "Mashhad", "Isfahan", "Karaj"]
  },
  {
    "name": "Iraq",
    "iso2": "IQ",
    "cities": ["Baghdad", "Basra", "Mosul", "Erbil"]
  },
  {
    "name": "Ireland",
    "iso2": "IE",
    "cities": ["Dublin", "Cork", "Limerick", "Galway"]
  },
  {
    "name": "Israel",
    "iso2": "IL",
    "cities": ["Jerusalem", "Tel Aviv", "Haifa", "Rishon LeZion"]
  },
  {
    "name": "Italy",
    "iso2": "IT",
    "cities": ["Rome", "Milan", "Naples", "Turin"]
  },
  {
    "name": "Ivory Coast",
    "iso2": "CI",
    "cities": ["Abidjan", "Bouaké", "Daloa", "San-Pédro"]
  },
  {
    "name": "Jamaica",
    "iso2": "JM",
    "cities": ["Kingston", "Montego Bay", "Spanish Town", "Portmore"]
  },
  {
    "name": "Japan",
    "iso2": "JP",
    "cities": ["Tokyo", "Yokohama", "Osaka", "Nagoya"]
  },
  {
    "name": "Jordan",
    "iso2": "JO",
    "cities": ["Amman", "Zarqa", "Irbid", "Russeifa"]
  },
  {
    "name": "Kazakhstan",
    "iso2": "KZ",
    "cities": ["Almaty", "Nur-Sultan", "Shymkent", "Karaganda"]
  },
  {
    "name": "Kenya",
    "iso2": "KE",
    "cities": ["Nairobi", "Mombasa", "Nakuru", "Eldoret"]
  },
  {
    "name": "Kiribati",
    "iso2": "KI",
    "cities": ["South Tarawa", "Bairiki", "Betio"]
  },
  {
    "name": "Kosovo",
    "iso2": "XK",
    "cities": ["Pristina", "Prizren", "Peja", "Gjakova"]
  },
  {
    "name": "Kuwait",
    "iso2": "KW",
    "cities": ["Kuwait City", "Hawalli", "Ahmadi", "Mubarak Al-Kabeer"]
  },
  {
    "name": "Kyrgyzstan",
    "iso2": "KG",
    "cities": ["Bishkek", "Osh", "Jalal-Abad", "Karakol"]
  },
  {
    "name": "Laos",
    "iso2": "LA",
    "cities": ["Vientiane", "Savannakhet", "Pakse", "Luang Prabang"]
  },
  {
    "name": "Latvia",
    "iso2": "LV",
    "cities": ["Riga", "Daugavpils", "Liepāja", "Jelgava"]
  },
  {
    "name": "Lebanon",
    "iso2": "LB",
    "cities": ["Beirut", "Tripoli", "Sidon", "Tyre"]
  },
  {
    "name": "Lesotho",
    "iso2": "LS",
    "cities": ["Maseru", "Teyateyaneng", "Mafeteng", "Maputsoe"]
  },
  {
    "name": "Liberia",
    "iso2": "LR",
    "cities": ["Monrovia", "Gbarnga", "Kakata", "Harper"]
  },
  {
    "name": "Libya",
    "iso2": "LY",
    "cities": ["Tripoli", "Benghazi", "Misrata", "Tobruk"]
  },
  {
    "name": "Liechtenstein",
    "iso2": "LI",
    "cities": ["Vaduz", "Schaan", "Balzers", "Triesen"]
  },
  {
    "name": "Lithuania",
    "iso2": "LT",
    "cities": ["Vilnius", "Kaunas", "Klaipėda", "Šiauliai"]
  },
  {
    "name": "Luxembourg",
    "iso2": "LU",
    "cities": ["Luxembourg City", "Esch-sur-Alzette", "Differdange", "Dudelange"]
  },
  {
    "name": "Madagascar",
    "iso2": "MG",
    "cities": ["Antananarivo", "Toamasina", "Antsirabe", "Mahajanga"]
  },
  {
    "name": "Malawi",
    "iso2": "MW",
    "cities": ["Lilongwe", "Blantyre", "Mzuzu", "Zomba"]
  },
  {
    "name": "Malaysia",
    "iso2": "MY",
    "cities": ["Kuala Lumpur", "Johor Bahru", "Ipoh", "Seremban"]
  },
  {
    "name": "Maldives",
    "iso2": "MV",
    "cities": ["Malé", "Hulhumalé", "Addu City", "Fuvahmulah"]
  },
  {
    "name": "Mali",
    "iso2": "ML",
    "cities": ["Bamako", "Ségou", "Mopti", "Gao"]
  },
  {
    "name": "Malta",
    "iso2": "MT",
    "cities": ["Valletta", "Birkirkara", "Qormi", "Mosta"]
  },
  {
    "name": "Marshall Islands",
    "iso2": "MH",
    "cities": ["Majuro", "Ebeye"]
  },
  {
    "name": "Mauritania",
    "iso2": "MR",
    "cities": ["Nouakchott", "Nouadhibou", "Kiffa", "Rosso"]
  },
  {
    "name": "Mauritius",
    "iso2": "MU",
    "cities": ["Port Louis", "Beau Bassin-Rose Hill", "Vacoas-Phoenix", "Quatre Bornes"]
  },
  {
    "name": "Mexico",
    "iso2": "MX",
    "cities": ["Mexico City", "Ecatepec", "Guadalajara", "Puebla"]
  },
  {
    "name": "Micronesia",
    "iso2": "FM",
    "cities": ["Palikir", "Kolonia", "Weno"]
  },
  {
    "name": "Moldova",
    "iso2": "MD",
    "cities": ["Chișinău", "Tiraspol", "Bălți", "Tighina"]
  },
  {
    "name": "Monaco",
    "iso2": "MC",
    "cities": ["Monaco", "Monte Carlo"]
  },
  {
    "name": "Mongolia",
    "iso2": "MN",
    "cities": ["Ulaanbaatar", "Erdenet", "Darkhan", "Choibalsan"]
  },
  {
    "name": "Montenegro",
    "iso2": "ME",
    "cities": ["Podgorica", "Nikšić", "Bijelo Polje", "Bar"]
  },
  {
    "name": "Morocco",
    "iso2": "MA",
    "cities": ["Casablanca", "Rabat", "Fes", "Tangier"]
  },
  {
    "name": "Mozambique",
    "iso2": "MZ",
    "cities": ["Maputo", "Beira", "Nampula", "Matola"]
  },
  {
    "name": "Myanmar",
    "iso2": "MM",
    "cities": ["Yangon", "Mandalay", "Naypyidaw", "Mawlamyine"]
  },
  {
    "name": "Namibia",
    "iso2": "NA",
    "cities": ["Windhoek", "Rundu", "Walvis Bay", "Swakopmund"]
  },
  {
    "name": "Nauru",
    "iso2": "NR",
    "cities": ["Yaren", "Aiwo", "Anetan"]
  },
  {
    "name": "Nepal",
    "iso2": "NP",
    "cities": ["Kathmandu", "Pokhara", "Lalitpur", "Biratnagar"]
  },
  {
    "name": "Netherlands",
    "iso2": "NL",
    "cities": ["Amsterdam", "Rotterdam", "The Hague", "Utrecht"]
  },
  {
    "name": "New Zealand",
    "iso2": "NZ",
    "cities": ["Auckland", "Wellington", "Christchurch", "Hamilton"]
  },
  {
    "name": "Nicaragua",
    "iso2": "NI",
    "cities": ["Managua", "León", "Granada", "Masaya"]
  },
  {
    "name": "Niger",
    "iso2": "NE",
    "cities": ["Niamey", "Zinder", "Maradi", "Agadez"]
  },
  {
    "name": "Nigeria",
    "iso2": "NG",
    "cities": ["Lagos", "Kano", "Ibadan", "Abuja"]
  },
  {
    "name": "North Korea",
    "iso2": "KP",
    "cities": ["Pyongyang", "Hamhung", "Chongjin", "Nampo"]
  },
  {
    "name": "North Macedonia",
    "iso2": "MK",
    "cities": ["Skopje", "Bitola", "Kumanovo", "Prilep"]
  },
  {
    "name": "Norway",
    "iso2": "NO",
    "cities": ["Oslo", "Bergen", "Trondheim", "Stavanger"]
  },
  {
    "name": "Oman",
    "iso2": "OM",
    "cities": ["Muscat", "Sohar", "Salalah", "Suhar"]
  },
  {
    "name": "Pakistan",
    "iso2": "PK",
    "cities": ["Karachi", "Lahore", "Faisalabad", "Rawalpindi"]
  },
  {
    "name": "Palau",
    "iso2": "PW",
    "cities": ["Ngerulmud", "Koror"]
  },
  {
    "name": "Palestine",
    "iso2": "PS",
    "cities": ["Gaza", "Ramallah", "Nablus", "Hebron"]
  },
  {
    "name": "Panama",
    "iso2": "PA",
    "cities": ["Panama City", "San Miguelito", "David", "Colón"]
  },
  {
    "name": "Papua New Guinea",
    "iso2": "PG",
    "cities": ["Port Moresby", "Lae", "Mount Hagen", "Madang"]
  },
  {
    "name": "Paraguay",
    "iso2": "PY",
    "cities": ["Asunción", "Ciudad del Este", "San Lorenzo", "Capiatá"]
  },
  {
    "name": "Peru",
    "iso2": "PE",
    "cities": ["Lima", "Arequipa", "Trujillo", "Chiclayo"]
  },
  {
    "name": "Philippines",
    "iso2": "PH",
    "cities": ["Manila", "Davao", "Cebu City", "Zamboanga"]
  },
  {
    "name": "Poland",
    "iso2": "PL",
    "cities": ["Warsaw", "Kraków", "Łódź", "Wrocław"]
  },
  {
    "name": "Portugal",
    "iso2": "PT",
    "cities": ["Lisbon", "Porto", "Vila Nova de Gaia", "Braga"]
  },
  {
    "name": "Qatar",
    "iso2": "QA",
    "cities": ["Doha", "Al Rayyan", "Umm Salal", "Al Wakrah"]
  },
  {
    "name": "Romania",
    "iso2": "RO",
    "cities": ["Bucharest", "Cluj-Napoca", "Timișoara", "Iași"]
  },
  {
    "name": "Russia",
    "iso2": "RU",
    "cities": ["Moscow", "Saint Petersburg", "Novosibirsk", "Yekaterinburg"]
  },
  {
    "name": "Rwanda",
    "iso2": "RW",
    "cities": ["Kigali", "Butare", "Gitarama", "Gisenyi"]
  },
  {
    "name": "Saint Kitts and Nevis",
    "iso2": "KN",
    "cities": ["Basseterre", "Charlestown"]
  },
  {
    "name": "Saint Lucia",
    "iso2": "LC",
    "cities": ["Castries", "Vieux Fort", "Soufrière"]
  },
  {
    "name": "Saint Vincent and the Grenadines",
    "iso2": "VC",
    "cities": ["Kingstown", "Georgetown"]
  },
  {
    "name": "Samoa",
    "iso2": "WS",
    "cities": ["Apia", "Asau", "Salelologa"]
  },
  {
    "name": "San Marino",
    "iso2": "SM",
    "cities": ["San Marino", "Serravalle", "Borgo Maggiore"]
  },
  {
    "name": "Sao Tome and Principe",
    "iso2": "ST",
    "cities": ["São Tomé", "Trindade", "Neves"]
  },
  {
    "name": "Saudi Arabia",
    "iso2": "SA",
    "cities": ["Riyadh", "Jeddah", "Mecca", "Medina"]
  },
  {
    "name": "Senegal",
    "iso2": "SN",
    "cities": ["Dakar", "Thiès", "M'Bour", "Rufisque"]
  },
  {
    "name": "Serbia",
    "iso2": "RS",
    "cities": ["Belgrade", "Novi Sad", "Niš", "Kragujevac"]
  },
  {
    "name": "Seychelles",
    "iso2": "SC",
    "cities": ["Victoria", "Anse Boileau", "Anse Royale"]
  },
  {
    "name": "Sierra Leone",
    "iso2": "SL",
    "cities": ["Freetown", "Bo", "Kenema", "Makeni"]
  },
  {
    "name": "Singapore",
    "iso2": "SG",
    "cities": ["Singapore"]
  },
  {
    "name": "Slovakia",
    "iso2": "SK",
    "cities": ["Bratislava", "Košice", "Prešov", "Žilina"]
  },
  {
    "name": "Slovenia",
    "iso2": "SI",
    "cities": ["Ljubljana", "Maribor", "Celje", "Kranj"]
  },
  {
    "name": "Solomon Islands",
    "iso2": "SB",
    "cities": ["Honiara", "Auki", "Gizo"]
  },
  {
    "name": "Somalia",
    "iso2": "SO",
    "cities": ["Mogadishu", "Hargeisa", "Kismayo", "Bosaso"]
  },
  {
    "name": "South Africa",
    "iso2": "ZA",
    "cities": ["Johannesburg", "Cape Town", "Durban", "Pretoria"]
  },
  {
    "name": "South Korea",
    "iso2": "KR",
    "cities": ["Seoul", "Busan", "Incheon", "Daegu"]
  },
  {
    "name": "South Sudan",
    "iso2": "SS",
    "cities": ["Juba", "Malakal", "Wau", "Yei"]
  },
  {
    "name": "Spain",
    "iso2": "ES",
    "cities": ["Madrid", "Barcelona", "Valencia", "Seville"]
  },
  {
    "name": "Sri Lanka",
    "iso2": "LK",
    "cities": ["Colombo", "Kandy", "Galle", "Negombo"]
  },
  {
    "name": "Sudan",
    "iso2": "SD",
    "cities": ["Khartoum", "Omdurman", "Port Sudan", "Kassala"]
  },
  {
    "name": "Suriname",
    "iso2": "SR",
    "cities": ["Paramaribo", "Lelydorp", "Nieuw-Nickerie", "Moengo"]
  },
  {
    "name": "Sweden",
    "iso2": "SE",
    "cities": ["Stockholm", "Gothenburg", "Malmö", "Uppsala"]
  },
  {
    "name": "Switzerland",
    "iso2": "CH",
    "cities": ["Zurich", "Geneva", "Basel", "Lausanne"]
  },
  {
    "name": "Syria",
    "iso2": "SY",
    "cities": ["Damascus", "Aleppo", "Homs", "Latakia"]
  },
  {
    "name": "Tajikistan",
    "iso2": "TJ",
    "cities": ["Dushanbe", "Khujand", "Kulob", "Qurghonteppa"]
  },
  {
    "name": "Tanzania",
    "iso2": "TZ",
    "cities": ["Dar es Salaam", "Mwanza", "Arusha", "Dodoma"]
  },
  {
    "name": "Thailand",
    "iso2": "TH",
    "cities": ["Bangkok", "Chiang Mai", "Pattaya", "Phuket"]
  },
  {
    "name": "Timor-Leste",
    "iso2": "TL",
    "cities": ["Dili", "Baucau", "Maliana", "Lospalos"]
  },
  {
    "name": "Togo",
    "iso2": "TG",
    "cities": ["Lomé", "Kpalimé", "Sokodé", "Kara"]
  },
  {
    "name": "Tonga",
    "iso2": "TO",
    "cities": ["Nukuʻalofa", "Neiafu", "Pangai"]
  },
  {
    "name": "Trinidad and Tobago",
    "iso2": "TT",
    "cities": ["Port of Spain", "San Fernando", "San Juan", "Scarborough"]
  },
  {
    "name": "Tunisia",
    "iso2": "TN",
    "cities": ["Tunis", "Sfax", "Sousse", "Kairouan"]
  },
  {
    "name": "Turkey",
    "iso2": "TR",
    "cities": ["Istanbul", "Ankara", "Izmir", "Bursa"]
  },
  {
    "name": "Turkmenistan",
    "iso2": "TM",
    "cities": ["Ashgabat", "Türkmenabat", "Daşoguz", "Mary"]
  },
  {
    "name": "Tuvalu",
    "iso2": "TV",
    "cities": ["Funafuti", "Vaitupu", "Nanumea"]
  },
  {
    "name": "Uganda",
    "iso2": "UG",
    "cities": ["Kampala", "Gulu", "Lira", "Jinja"]
  },
  {
    "name": "Ukraine",
    "iso2": "UA",
    "cities": ["Kyiv", "Kharkiv", "Odesa", "Dnipro"]
  },
  {
    "name": "United Arab Emirates",
    "iso2": "AE",
    "cities": ["Dubai", "Abu Dhabi", "Sharjah", "Al Ain"]
  },
  {
    "name": "United Kingdom",
    "iso2": "GB",
    "cities": ["London", "Birmingham", "Manchester", "Glasgow"]
  },
  {
    "name": "United States",
    "iso2": "US",
    "cities": ["New York", "Los Angeles", "Chicago", "Houston"]
  },
  {
    "name": "Uruguay",
    "iso2": "UY",
    "cities": ["Montevideo", "Salto", "Ciudad de la Costa", "Paysandú"]
  },
  {
    "name": "Uzbekistan",
    "iso2": "UZ",
    "cities": ["Tashkent", "Samarkand", "Bukhara", "Namangan"]
  },
  {
    "name": "Vanuatu",
    "iso2": "VU",
    "cities": ["Port Vila", "Luganville", "Isangel"]
  },
  {
    "name": "Vatican City",
    "iso2": "VA",
    "cities": ["Vatican City"]
  },
  {
    "name": "Venezuela",
    "iso2": "VE",
    "cities": ["Caracas", "Maracaibo", "Valencia", "Barquisimeto"]
  },
  {
    "name": "Vietnam",
    "iso2": "VN",
    "cities": ["Hanoi", "Ho Chi Minh City", "Da Nang", "Haiphong"]
  },
  {
    "name": "Yemen",
    "iso2": "YE",
    "cities": ["Sana'a", "Aden", "Taiz", "Al Hudaydah"]
  },
  {
    "name": "Zambia",
    "iso2": "ZM",
    "cities": ["Lusaka", "Kitwe", "Ndola", "Kafue"]
  },
  {
    "name": "Zimbabwe",
    "iso2": "ZW",
    "cities": ["Harare", "Bulawayo", "Chitungwiza", "Mutare"]
  }
]